id,image_name,cxsmiles,pseudo_smiles,conversion_status,final_pseudo_smiles,manual_review_status,review_notes
0,EP14861496NWB1_40.png,"*C1=CC=C(C(=O)NC2=CC=C(*)C(*)=C2*)C(S(*)=O)=C1 |$R2;;;;;;;;;;;;R4;;R6;;R7;;;R1;;$,Sg:n:20:m:ht:::,|",[R2]C1=CC=C(C(=O)NC2=CC=C([R4])C([R6])=C2[R7])C(S([R1])=[(O)m])=C1,review_required,[R2]C1=CC=C(C(=O)NC2=CC=C([R4])C([R6])=C2[R7])C(S([R1])=[(O)m])=C1,confirmed,"Checked against the source image; labels, connectivity, and repeat units agree."
1,US5953857_17.png,"*C1=C(*)C(*)=C2C(=O)C(*)=C(*)C(*)=C2C1=O |$B16;;;B15;;A13;;;;;B17;;B18;;A14;;;$,|",[B16]C1=C([B15])C([A13])=C2C(=O)C([B17])=C([B18])C([A14])=C2C1=O,success,[B16]C1=C([B15])C([A13])=C2C(=O)C([B17])=C([B18])C([A14])=C2C1=O,confirmed,"Checked against the source image; labels, connectivity, and repeat units agree."
2,US6232309_16.png,"*C.CCC1=CN=CC=C1 |$R3;;;;;;;;;$,m:1:7.8.9.6.4.5|",CCc1ccc([R3$])nc1,review_required,CCc1ccc([R3$])nc1,confirmed,"Checked against the source image; labels, connectivity, and positional-variation annotations agree."
3,US6344453_16.png,"*C.CCC1=CN=CC=C1 |$R3;;;;;;;;;$,m:1:7.8.9.6.4.5|",CCc1ccc([R3$])nc1,review_required,CCc1ccc([R3$])nc1,confirmed,"Checked against the source image; labels, connectivity, and positional-variation annotations agree."
4,US6521785_11.png,"*C.*C.O=S(=O)(O)C1=C2C=CC=CC2=CC=C1 |$R2;;R3;;;;;;;;;;;;;;;$,m:1:11.10.12.9.14.13,m:3:14.15.9.8.17.16|",O=S(=O)(O)c1ccc([R3$])c2ccc([R2$])cc12,review_required,O=S(=O)(O)c1ccc([R3$])c2ccc([R2$])cc12,confirmed,"Checked against the source image; labels, connectivity, and positional-variation annotations agree."
5,US8901170_31.png,"*NC(=O)C1=C(NC(=O)C2=CC(*)=NN2C2=C(Cl)C=CC=N2)C(C)=CC(*)=C1 |$RB;;;;;;;;;;;;B2;;;;;;;;;;;;;;B1;$,|",[RB]NC(=O)C1=C(NC(=O)C2=CC([B2])=NN2C2=C(Cl)C=CC=N2)C(C)=CC([B1])=C1,success,[RB]NC(=O)C1=C(NC(=O)C2=CC([B2])=NN2C2=C(Cl)C=CC=N2)C(C)=CC([B1])=C1,confirmed,"Checked against the source image; labels, connectivity, and repeat units agree."
6,US9550902_23.png,"*C(C)(C)CC |$Re;;;;;$,Sg:n:4:e:ht:::,|",[Re]C(C)(C)[(CH2)e]C,success,[Re]C(C)(C)[(CH2)e]C,confirmed,"Checked against the source image; labels, connectivity, and repeat units agree."
7,US10526338B2_17_c.png,"*C.*C.*C(C)(C)C(CC(=O)O)NC1=C(F)C=*C(C2=CNC3=*C=*C=C32)=N1 |$R1;;R2;;R3;;;;;;;;;;;;;;X;;;;;;Y;;Z;;;$,m:1:25.24.26.23.28.27,m:3:18.17.19.29.14.15|",CC(C)(C(CC(=O)O)Nc1nc(-c2c[nH]c3c2c[Z]c([R1$])[Y]3)[X]c([R2$])c1F)[R3],review_required,[R3]C(C)(C)C(CC(O)=O)NC1=C(C([R2$])=[X]C(C2=CNC3=[Y]C([R1$])=[Z]C=C23)=N1)F,corrected,"Double bonds were missing from both six-membered rings, and another bond elsewhere in the structure was incorrectly annotated. All of these errors were corrected to match the source image."
8,WO2002010163A1_23.png,"*C(=O)C(*)* |$R;;;;L;R1$,|",[R]C(=O)C([L])[R1],success,[R]C(=O)C([L])[R1],confirmed,"Checked against the source image; labels, connectivity, and repeat units agree."
9,WO2002010163A1_29_2.png,"*C(=*)SC(*)(*)C1=NC(*)=C(*)O1 |$Z;;Y;;;R3;R2;;;;R1;;R;$,|",[Z]C(=[Y])SC([R3])([R2])C1=NC([R1])=C([R])O1,success,[Z]C(=[Y])SC([R3])([R2])C1=NC([R1])=C([R])O1,confirmed,"Checked against the source image; labels, connectivity, and repeat units agree."
10,06521785_9.png,"*[N+]([H])(*O[H])*O[H] |$R4;;;R5;;;R5;;$,,,Sg:n:6,7:x:ht:::,Sg:n:3,4:y:ht:::,|",,unsupported,,not_representable,"The structures (R5O)x and (R5O)y represent substituent-bearing multi-atom repeating units with repeat counts x and y, respectively. Such multi-atom repeat units are not supported by the current pseudo-SMILES notation."
11,07083908_90_c.png,"*C.C1=CC2=C(C=C1)NN=N2 |$R;;;;;;;;;;$,m:0:6.5.4.7.2.3|",c1cc([R$])c2[nH]nnc2c1,review_required,c1cc([R$])c2[nH]nnc2c1,confirmed,"Checked against the source image; labels, connectivity, and positional-variation annotations agree."
12,07083908_91.png,"*C(*)C(*)C#N |$R1;;R2;;X;;$,|",[R1]C([R2])C([X])C#N,success,[R2]/C([R1])=C(C#N)/[X],corrected,A double bond between the two substituted carbon atoms was missing and was restored to match the source image.
13,EP1337602B1_13_c.png,"*C1(C*******CC2(*)COC2)COC1 |$R1;;;X;Y;Z;M;Z';Y';X';;;R2;;;;;;$,|",[R1]C1(C[X][Y][Z][M][Z'][Y'][X']CC2([R2])COC2)COC1,success,[R1]C1(C[X][Y][Z][M][Z'][Y'][X']CC2([R2])COC2)COC1,confirmed,"Checked against the source image; labels, connectivity, and repeat units agree."
14,EP1337602B1_14.png,"*C1=C(OC(=O)C2=CC=C(OCOCC3(C)COC3)C=C2)C=CC(OC(=O)C2=CC=C(OCOC3(C)COC3)C=C2)=C1 |$R;;;;;;;;;;;;;;;;;;;;;;;;;;;;;;;;;;;;;;;;;$,,,Sg:n:32:n:ht:::,Sg:n:11:n:ht:::,|",[R]C1=C(OC(=O)C2=CC=C(O[(CH2)n]OCC3(C)COC3)C=C2)C=CC(OC(=O)C2=CC=C(O[(CH2)n]OC3(C)COC3)C=C2)=C1,success,[R]C1=C(OC(=O)C2=CC=C(O[(CH2)n]OCC3(C)COC3)C=C2)C=CC(OC(=O)C2=CC=C(O[(CH2)n]OC3(C)COC3)C=C2)=C1,confirmed,"Checked against the source image; labels, connectivity, and repeat units agree."
15,EP12764969NWB2_43.png,"**OOP(=O)(O*)O* |$R1;R2;;;;;;M1;;M2$,Sg:n:1,2:n:ht:::,|",,unsupported,,not_representable,The structure (R2-O)n represents a multi-atom repeating unit with a repeat count of n. Such a multi-atom repeat unit is not supported by the current pseudo-SMILES notation.
16,EP14750931NWB1_98.png,"*C.*C.*C1=NN=C(C2=CC3=C(C=C2O)N=CC=C3)C=C1 |$Rd;;Rc;;B;;;;;;;;;;;;;;;;;$,m:1:16.17.12.18.11.19,m:3:18.11.19.16.17.12|",Oc1cc2nc([Rd$])c([Rc$])cc2cc1-c1ccc([B])nn1,review_required,Oc1cc2nc([Rd$])c([Rc$])cc2cc1-c1ccc([B])nn1,confirmed,"Checked against the source image; labels, connectivity, and positional-variation annotations agree."
17,EP14750931NWB1_99.png,"*C.*C.*C1=NN=C(C2=CC3=C(C=CC=N3)C=C2O)C=C1 |$Rd;;Rc;;B;;;;;;;;;;;;;;;;;$,m:1:11.16.14.13.15.12,m:3:14.13.15.12.11.16|",Oc1cc2c([Rc$])c([Rd$])cnc2cc1-c1ccc([B])nn1,review_required,Oc1cc2c([Rc$])c([Rd$])cnc2cc1-c1ccc([B])nn1,confirmed,"Checked against the source image; labels, connectivity, and positional-variation annotations agree."
18,EP14750931NWB1_99_2.png,"*C.*C.*C1=NN=C(C2=CC3=C(C=CN=C3)C=C2O)C=C1 |$Rd;;Rc;;B;;;;;;;;;;;;;;;;;$,m:1:11.16.14.13.12.15,m:3:14.13.12.15.11.16|",Oc1cc2cc([Rc$])nc([Rd$])c2cc1-c1ccc([B])nn1,review_required,Oc1cc2cc([Rc$])nc([Rd$])c2cc1-c1ccc([B])nn1,confirmed,"Checked against the source image; labels, connectivity, and positional-variation annotations agree."
19,EP14750931NWB1_100.png,"*C.*C.*C1=NN=C(C2=CC3=C(C=C2O)N=CC=N3)C=C1 |$Rd;;Rc;;B;;;;;;;;;;;;;;;;;$,m:1:11.19.17.12.16.18,m:3:17.12.16.18.11.19|",Oc1cc2nc([Rd$])c([Rc$])nc2cc1-c1ccc([B])nn1,review_required,Oc1cc2nc([Rd$])c([Rc$])nc2cc1-c1ccc([B])nn1,confirmed,"Checked against the source image; labels, connectivity, and positional-variation annotations agree."
20,US6239192_9.png,"*C.*C.*C1=CC=CC(*)=C1C(=O)NC(=O)NC1=CC=CC=C1 |$R3;;R4;;R2;;;;;;R1;;;;;;;;;;;;;$,m:1:19.20.18.21.23.22,m:3:18.21.23.22.19.20|",O=C(NC(=O)c1c([R2])cccc1[R1])Nc1ccc([R4$])cc1[R3$],review_required,O=C(NC(=O)c1c([R2])cccc1[R1])Nc1ccc([R4$])cc1[R3$],confirmed,"Checked against the source image; labels, connectivity, and positional-variation annotations agree."
21,US6495573_10.png,"*C.*C.*C(*)=CC1C(C(=O)OC(*)C2=CC=CC(OC3=CC=CC=C3)=C2)C1(C)C |$R4;;R5;;R1;;R2;;;;;;;;R3;;;;;;;;;;;;;;;;$,m:1:15.16.17.27.18.19,m:3:22.21.23.24.25.26|",CC1(C)C(C=C([R1])[R2])C1C(=O)OC(c1cc(Oc2ccccc2[R5$])ccc1[R4$])[R3],review_required,CC1(C(C1C(OC([R2])c2c([R4$])ccc(Oc3c([R5$])cccc3)c2)=O)/C=C([R2])\[R1])C,corrected,The R2 substituent was incorrectly labeled as R3 and was corrected to match the source image.
22,US6538013_36_c.png,"*/*=C(\N(*)*)N(*)C(=O)OC(*)(*)OC(*)=O |$Y;X;;;R1;T;;U;;;;;R2;R2';;;R;$,|",[Y]/[X]=C(\N([R1])[T])N([U])C(=O)OC([R2])([R2'])OC([R])=O,success,[Y]/[X]=C(\N([R1])[T])N([U])C(=O)OC([R2])([R2'])OC([R])=O,confirmed,"Checked against the source image; labels, connectivity, and repeat units agree."
23,US6995262_37_c.png,"**N*CC |$R;A;;Y;;$,Sg:n:4:n:ht:::,|",[R][A]N[Y][(CH2)n]C,success,[R][A]N[Y][(CH2)n]C,confirmed,"Checked against the source image; labels, connectivity, and repeat units agree."
24,US7847043B2_22.png,"*[Bi](*)C(*)(*)* |$R1;;R2;;R3;R4;R5$,|",[R1][Bi]([R2])C([R3])([R4])[R5],success,[R1][Bi]([R2])C([R3])([R4])[R5],confirmed,"Checked against the source image; labels, connectivity, and repeat units agree."
25,US7847043B2_22_2.png,"*[Bi](*)* |$Z;;R1;R2$,|",[Z][Bi]([R1])[R2],success,[Z][Bi]([R1])[R2],confirmed,"Checked against the source image; labels, connectivity, and repeat units agree."
26,US8076430B2_12_c.png,"*[Bi](*)* |$R1;;R2;R3$,|",[R1][Bi]([R2])[R3],success,[R1][Bi]([R2])[R3],confirmed,"Checked against the source image; labels, connectivity, and repeat units agree."
27,US8076430B2_13.png,"*C1=C(*)C(*)=C(SC)C(*)=C1* |$R7;;;R6;;R5;;;;;R4;;R8$,|",[R7]C1=C([R6])C([R5])=C(SC)C([R4])=C1[R8],success,[R7]C1=C([R6])C([R5])=C(SC)C([R4])=C1[R8],confirmed,"Checked against the source image; labels, connectivity, and repeat units agree."
28,US8076430B2_13_2.png,"*[Bi](*)* |$X;;X;X$,|",[X][Bi]([X])[X],success,[X][Bi]([X])[X],confirmed,"Checked against the source image; labels, connectivity, and repeat units agree."
29,US8076430B2_13_4.png,"*[Bi](*)C(*)(*)* |$R10;;R11;;R12;R13;R14$,|",[R10][Bi]([R11])C([R12])([R13])[R14],success,[R10][Bi]([R11])C([R12])([R13])[R14],confirmed,"Checked against the source image; labels, connectivity, and repeat units agree."
30,US8076430B2_13_5.png,"*[Te]C(*)(*)* |$R15;;;R12;R13;R14$,|",[R15][Te]C([R12])([R13])[R14],success,[R15][Te]C([R12])([R13])[R14],confirmed,"Checked against the source image; labels, connectivity, and repeat units agree."
31,US20060078834A1_26_c.png,"*C1=CC(=C(*)C2=C([O-])C(=C(*)*)C2=O)C=C(*)*1 |$A12;;;;;R11;;;;;;Q11;R12;;;;;A11;Z11$,|",[A12]C1=CC(=C([R11])C2=C([O-])C(=C([Q11])[R12])C2=O)C=C([A11])[Z11]1,success,[A11]C([Z11]C([A12])=C/1)=CC1=C([R11])/C(C/2=O)=C([O-])C2=C([Q11])/[R12],corrected,The exocyclic double bond was incorrectly represented as a crossed double bond and was corrected to a standard double bond to match the source image.
32,US20060078834A1_28.png,"*C1=C/C(=C(\*)C2=C([O-])/C(=C(\*)C3=CC(C4=CC=C(*)C(*)=C4)=[O+]C(*)=C3)C2=O)C=C(C2=CC(*)=C(*)C=C2)O1 |$R31;;;;;R11;;;;;;R12;;;;;;;;X1;;X2;;;;R31;;;;;;;;;X2;;X1;;;$,|",[R31]C1=C/C(=C(\[R11])C2=C([O-])/C(=C(\[R12])C3=CC(C4=CC=C([X1])C([X2])=C4)=[O+]C([R31])=C3)C2=O)C=C(C2=CC([X2])=C([X1])C=C2)O1,success,[R31]C1=C/C(=C(\[R11])C2=C([O-])/C(=C(\[R12])C3=CC(C4=CC=C([X1])C([X2])=C4)=[O+]C([R31])=C3)C2=O)C=C(C2=CC([X2])=C([X1])C=C2)O1,confirmed,"Checked against the source image; labels, connectivity, and repeat units agree."
33,US20110217348A1_18.png,"*C=C(*)C(=O)O* |$R2;;;R1;;;;R3$,|",[R2]C=C([R1])C(=O)O[R3],success,[R2]C=C([R1])C(=O)O[R3],confirmed,"Checked against the source image; labels, connectivity, and repeat units agree."
34,US20110217348A1_18_2.png,"C*C1C(=O)C(*C)C(=O)C(*C)C1=O |$;R4;;;;;R4;;;;;R4;;;$,Sg:n:1,2,3,5,8,10,13,4,6,9,7,11,14: :ht:::,|",,unsupported,,not_representable,"The bracketed R4-substituted cyclohexane-1,3,5-trione unit is a substituent-bearing multi-atom repeating unit. Such a repeat unit is not supported by the current pseudo-SMILES notation."
35,US20200041896A1_18.png,"*O[Sn](*[Sn](O*)(OC(*)=O)OC(*)=O)(OC(*)=O)OC(*)=O |$R32;;;L;;;R35;;;R34;;;;R36;;;;R31;;;;R33;$,|",[R32]O[Sn]([L][Sn](O[R35])(OC([R34])=O)OC([R36])=O)(OC([R31])=O)OC([R33])=O,success,[R32]O[Sn]([L][Sn](O[R35])(OC([R34])=O)OC([R36])=O)(OC([R31])=O)OC([R33])=O,confirmed,"Checked against the source image; labels, connectivity, and repeat units agree."
36,WO2000004894A2_34.png,"*OC(=O)CCC(NC(=O)CC(*)(*)*)C(N)=O |$M;;;;;;;;;;;;R;R1;R2;;;$,Sg:n:10:n:ht:::,|",[M]OC(=O)CCC(NC(=O)[(CH2)n]C([R])([R1])[R2])C(N)=O,success,[M]OC(=O)CCC(NC(=O)[(CH2)n]C([R])([R1])[R2])C(N)=O,confirmed,"Checked against the source image; labels, connectivity, and repeat units agree."
37,WO2020146194A1_22_c.png,"*C1=NO*=C1C(=O)N[C@H](C1=CN2N=CC(C(*)N3C[C@@H](C(F)(F)F)NC3=O)=CC2=N1)C1CCC(F)(F)CC1 |$R1;;;;X;;;;;;;;;;;;;R2;;;;;;;;;;;;;;;;;;;;;$,|",[R1]C1=NO[X]=C1C(=O)N[C@H](C1=CN2N=CC(C([R2])N3C[C@@H](C(F)(F)F)NC3=O)=CC2=N1)C1CCC(F)(F)CC1,success,[R1]C1=NO[X]=C1C(=O)N[C@H](C1=CN2N=CC(C([R2])N3C[C@@H](C(F)(F)F)NC3=O)=CC2=N1)C1CCC(F)(F)CC1,confirmed,"Checked against the source image; labels, connectivity, and stereochemistry agree."
38,US6239192_9_2.png,"*NC1=NC(N*)=NC(N*)=N1 |$R1;;;;;;R2;;;;R3;$,|",[R1]NC1=NC(N[R2])=NC(N[R3])=N1,success,[R1]NC1=NC(N[R2])=NC(N[R3])=N1,confirmed,Checked against the source image; labels and connectivity agree.
39,US6444415_41.png,"*C1=CC(*)=C(O)C(C(*)C2=C(O)C(*)=CC(*)=C2)=C1 |$R'';;;;R';;;;;R;;;;;R';;;R'';;$,|",[R'']C1=CC([R'])=C(O)C(C([R])C2=C(O)C([R'])=CC([R''])=C2)=C1,success,[R'']C1=CC([R'])=C(O)C(C([R])C2=C(O)C([R'])=CC([R''])=C2)=C1,confirmed,Checked against the source image; labels and connectivity agree.
40,US6538013_36.png,"*C(=O)OC(*)(*)OC(=O)N(*)/C(=C/N(=O)=O)N(*)* |$R;;;;;R2';R2;;;;;U;;;;;;;T;R1$,|",[R]C(=O)OC([R2'])([R2])OC(=O)N([U])/C(=C/N(=O)=O)N([T])[R1],success,[R1]N(/C(N(C(OC([R2'])(OC([R])=O)[R2])=O)[U])=C\[N+]([O-])=O)[3H],corrected,The nitro group was incorrectly annotated in a neutral expanded form and was corrected to the standard charge-separated representation
41,US8076430B2_13_3.png,"*SC1=C(*)C(*)=C(*)C(*)=C1* |$Y;;;;R5;;R6;;R7;;R8;;R4$,|",[Y]SC1=C([R5])C([R6])=C([R7])C([R8])=C1[R4],success,[Y]SC1=C([R5])C([R6])=C([R7])C([R8])=C1[R4],confirmed,Checked against the source image; labels and connectivity agree.
42,US9372402B2_19.png,"*C.*C.C1=CN=C(C2=NC=CC=C2)C=C1 |$R1;;R2;;;;;;;;;;;;;$,m:1:4.5.15.6.7.14,m:3:13.8.9.10.12.11|",c1cnc(-c2ccc([R1$])cn2)c([R2$])c1,review_required,c1cnc(-c2ccc([R1$])cn2)c([R2$])c1,confirmed,Checked against the source image; labels and connectivity agree.
43,US20210149301A1_106.png,"*C.*C(C)(*C1=CC=CC=C1)C([H])([H])C.*O |$;R21;RA;;;YA;;;;;;;;;;;;$,,,,Sg:n:17:b:ht:::,Sg:n:1:c:ht:::,Sg:n:13,12,14,3,2,5,6,7,8,9,10,11: :ht:::,m:16:6.7.8.9.10.11,m:0:6.7.8.9.10.11|",,unsupported,,not_representable,"(R21)c and (OH)b denote c R21 substituents and b hydroxy substituents, respectively, with unspecified attachment positions on the ring. This combination of multiplicity and position variation cannot be represented by the current pseudo-SMILES notation."
44,WO2002010163A1_30.png,"*C1=C(*)OC(C(*)(*)*)=N1 |$R1;;;R;;;;L;R2;R3;$,|",[R1]C1=C([R])OC(C([L])([R2])[R3])=N1,success,[R1]C1=C([R])OC(C([L])([R2])[R3])=N1,confirmed,Checked against the source image; labels and connectivity agree.
45,US9029365_37_c.png,"*C1=CC(C(=O)N(*)*)=C(NC(=O)C2=CC(*)=NN2C2=C(*)C=CC=N2)C(*)=C1 |$R2;;;;;;;R4a;R4b;;;;;;;;R3;;;;;R5;;;;;;R1;$,|",[R2]C1=CC(C(=O)N([R4a])[R4b])=C(NC(=O)C2=CC([R3])=NN2C2=C([R5])C=CC=N2)C([R1])=C1,success,[R2]C1=CC(C(=O)N([R4a])[R4b])=C(NC(=O)C2=CC([R3])=NN2C2=C([R5])C=CC=N2)C([R1])=C1,confirmed,Checked against the source image; labels and connectivity agree.
46,US9372402B2_19_2.png,"*C.*C.OC1=CC=CC=C1/C=N/CC/N=C\C1=C(O)C=CC=C1 |$R1;;R2;;;;;;;;;;;;;;;;;;;;;$,m:1:7.8.6.9.10.5,m:3:20.18.21.22.23.17|",Oc1cc([R1$])ccc1/C=N/CC/N=C\c1cccc([R2$])c1O,review_required,Oc1cc([R1$])ccc1/C=N/CC/N=C\c1cccc([R2$])c1O,confirmed,Checked against the source image; labels and connectivity agree.
47,US20220213127A1_51.png,"*C1=C(*)C2=C(C(*)=C1*)N(*)C1=C3B2C2=C(C4=C(*C5=C4*=**=*5)C=C2)N(*)C3=C(*)C(*)=C1* |$R32;;;R31;;;;R34;;R33;;R1;;;;;;;;Y3;;;Z4;Z3;Z2;Z1;;;;R1;;;R36;;R35;;R37$,|",[R32]C1=C([R31])C2=C(C([R34])=C1[R33])N([R1])C1=C3B2C2=C(C4=C([Y3]C5=C4[Z4]=[Z3][Z2]=[Z1]5)C=C2)N([R1])C3=C([R36])C([R35])=C1[R37],success,[R32]C1=C([R31])C2=C(C([R34])=C1[R33])N([R1])C1=C3B2C2=C(C4=C([Y3]C5=C4[Z4]=[Z3][Z2]=[Z1]5)C=C2)N([R1])C3=C([R36])C([R35])=C1[R37],confirmed,"Checked against the source image; labels, connectivity, and bond orders agree."
48,WO2000043362A1_41.png,"**C1=CC=C(S(=O)(=O)C2CCN(CC(*)(*)C3=CC=C(*)C=C3*)CC2)C=C1.*C |$Z;E;;;;;;;;;;;;;;R13;R14;;;;;R11;;;R12;;;;;R21;$,m:30:2.28.27.5.3.4|",O=S(=O)(c1ccc([E][Z])c([R21$])c1)C1CCN(CC(c2ccc([R11])cc2[R12])([R13])[R14])CC1,review_required,O=S(=O)(c1ccc([E][Z])c([R21$])c1)C1CCN(CC(c2ccc([R11])cc2[R12])([R13])[R14])CC1,confirmed,"Checked against the source image; labels, connectivity, and the unspecified attachment position of R21 agree."
49,WO2001014360A2_33_c.png,"*C=CC1=CC=C(C(=O)O*)C=C1.*OCC1(*)CC*C2=C1C=CC=C2 |$;;;;;;;;;;R1;;;R3;;;;R2;;;X;;;;;;$,Sg:n:18:n:ht:::,m:0:25.26.24.21.22.23|",,unsupported,,not_representable,"The optional dotted bond connects a multi-atom alkenyl benzoate fragment at an unspecified position on the fused ring system. This type of optional, position-varying connection cannot be represented by the current pseudo-SMILES notation."
50,WO2002010163A1_24.png,"*C(=O)C(*)(*)* |$X;;;;L;R2;R3$,|",[X]C(=O)C([L])([R2])[R3],success,[X]C(=O)C([L])([R2])[R3],confirmed,Checked against the source image; labels and connectivity agree.
51,WO2002010163A1_25.png,"*C.*C.*C(=O)C1CCN(*)C1 |$R6;;R7;;X;;;;;;;P;$,,,Sg:n:8:m:ht:::,Sg:n:12:n:ht:::,m:1:7.8.9.12.10,m:3:7.8.9.12.10|",,unsupported,[X]C(C1[(CH2)m]C([R6$])([R7$])N([P])[(CH2)n]1)=O,manually_added,The corresponding pseudo-SMILES annotation was added after manual verification.
52,WO2002010163A1_29.png,"*C(=O)C(*)* |$R;;;;L;R1$,|",[R]C(=O)C([L])[R1],success,[R]C(=O)C([L])[R1],confirmed,Checked against the source image; labels and connectivity agree.
53,11279716_34_c1.png,"*C1=C(*)C(*)=[N+]2C1=C(*)C1=C(*)C(*)=C(*)N1[B-]2(*)* |$R3;;;R2;;R1;;;;R4;;;R5;;R6;;R7;;;X2;X1$,|",[R3]C1=C([R2])C([R1])=[N+]2C1=C([R4])C1=C([R5])C([R6])=C([R7])N1[B-]2([X2])[X1],success,[R3]C1=C([R2])C([R1])=[N+]2C1=C([R4])C1=C([R5])C([R6])=C([R7])N1[B-]2([X2])[X1],confirmed,"Checked against the source image; labels, connectivity, formal charges, and bond orders agree."
54,US8362048B2_131_c1.png,"*C1=CC(C2=NC(C3=C4CC[C@H](*)C4=CC=C3)=NO2)=CC=C1OC(C)C |$Y;;;;;;;;;;;;X;;;;;;;;;;;;;$,|",[Y]C1=CC(C2=NC(C3=C4CC[C@H]([X])C4=CC=C3)=NO2)=CC=C1OC(C)C,success,[Y]C1=CC(C2=NC(C3=CC=CC4=C3CC[C@@H]4[X])=NO2)=CC=C1OC(C)C,corrected,The solid wedge bond to X was incorrectly annotated as a hashed wedge bond and was corrected to match the source image.
55,US8980898B2_40.png,"*CCCCNC(=N)NC(=O)C1=NC(Cl)=C(N)N=C1N |$A1;;;;;;;;;;;;;;;;;;;$,|",[A1]CCCCNC(=N)NC(=O)C1=NC(Cl)=C(N)N=C1N,success,[A1]CCCCNC(=N)NC(=O)C1=NC(Cl)=C(N)N=C1N,confirmed,Checked against the source image; labels and connectivity agree.
56,US10017503B2_3_c1.png,"*C1=CC=C(C2=C(*)C(C(=O)NCCS(=O)(=O)N(*)*)=NO2)C=C1 |$R2a;;;;;;;R3;;;;;;;;;;;A;Re;;;;$,Sg:n:13:q:ht:::,|",[R2a]C1=CC=C(C2=C([R3])C(C(=O)NC[(CH2)q]S(=O)(=O)N([A])[Re])=NO2)C=C1,success,[R2a]C1=CC=C(C2=C([R3])C(C(=O)NC[(CH2)q]S(=O)(=O)N([A])[Re])=NO2)C=C1,confirmed,"Checked against the source image; labels, connectivity, and the single-carbon repeat unit agree."
57,US10239846B2_132_c1.png,"*C1=CC(C2=NC(C3=CC=CC4=C3CC[C@@H]4*)=NO2)=CC=C1OC(C)C |$Y;;;;;;;;;;;;;;;;X;;;;;;;;;$,|",[Y]C1=CC(C2=NC(C3=CC=CC4=C3CC[C@@H]4[X])=NO2)=CC=C1OC(C)C,success,[Y]C1=CC(C2=NC(C3=CC=CC4=C3CC[C@@H]4[X])=NO2)=CC=C1OC(C)C,confirmed,"Checked against the source image; labels, connectivity, and stereochemistry agree."
58,US10597390B2_129_c1.png,"*NC1=C(F)C=*C(C2=C(*)NC3=C(*)C(*)=C(*)C(*)=C32)=N1 |$R6;;;;;;X;;;;R5;;;;R1;;R2;;R3;;R4;;$,|",[R6]NC1=C(F)C=[X]C(C2=C([R5])NC3=C([R1])C([R2])=C([R3])C([R4])=C32)=N1,success,[R6]NC1=C(F)C=[X]C(C2=C([R5])NC3=C([R1])C([R2])=C([R3])C([R4])=C32)=N1,confirmed,"Checked against the source image; labels, connectivity, and bond orders agree."
59,US10946697_12_c.png,"*C1=C(*)C(OC)=C(*)C(*)=C1C |$R3;;;R1;;;;;R2;;R4;;$,Sg:n:9,11,1,2,4,7,5,8,10,0,3::ht:::,|",,unsupported,,not_representable,The n-indexed repeat encompasses a substituted phenylene-oxygen constitutional repeating unit containing multiple atoms. Such a multi-atom repeat unit is not supported by the current pseudo-SMILES notation.
60,US10975475_11_c1.png,"*P(*)* |$R1;;R3;R2$,|",[R1]P([R3])[R2],success,[R1]P([R3])[R2],confirmed,Checked against the source image; labels and connectivity agree.
61,US11407846_27_c1.png,"*C(N)COCCOC(*)COCC(*)N |$R7;;;;;;;;;R6;;;;;R5;$,,,,Sg:n:7,6,5:q:ht:::,Sg:n:12,11,10,8,9:p:ht:::,Sg:n:4,3,1,0:r:ht:::,|",,unsupported,,not_representable,"The p-, q-, and r-indexed segments are multi-atom alkylene-ether constitutional repeating units. Such multi-atom repeat units are not supported by the current pseudo-SMILES notation."
62,US20010004639A1_8.png,"*1=CC=CC=C1.*C.*C.*OC(=O)C(*)(*)* |$X;;;;;;W;;R3;;R;;;;;;R2;R1$,m:7:3.2.1.0.5.4,m:9:3.2.1.0.5.4,m:15:3.2.1.0.5.4|",,unsupported,,not_representable,The ester-containing multi-atom side chain have unspecified attachment positions on the X-containing ring. The current pseudo-SMILES notation cannot encode the position variation of the multi-atom side chain.
63,US20010004639A1_8_c1.png,"*1=CC=CC=C1.*C.*C1=C(SC(*)(*)C2=NC(*)C(*)O2)SC(N(*)C(=O)C(*)(*)*)=N1.*N(*)C(*)(*)* |$X;;;;;;R3;;R7;;;;;R9;R8;;;;R10;;R11;;;;;R6;;;;;R2;R1;;R13;;R12;;;R5;R4$,m:7:3.2.1.0.5.4,m:37:3.2.1.0.5.4,m:29:3.2.1.0.5.4|",,unsupported,,not_representable,Two multi-atom side chains have unspecified attachment positions on the X-containing ring. The current pseudo-SMILES notation cannot encode this type of position variation for multi-atom substituents.
64,US20170334882A1_304_2_c.png,"*C.*C.*C.*C.*N(C(=O)C1=CC(S(=O)(=O)NC2CCCC2)=CC=C1)C1=CC=CC=C1 |$G1;;G2;;G3;;G4;;R4;;;;;;;;;;;;;;;;;;;;;;;;$,,,Sg:n:23:w:ht:::,Sg:n:0:y:ht:::,m:1:31.30.32.27.28.29,m:3:12.13.14.26.24.25,m:5:19.20.21.22.23,m:7:19.20.21.22.22.23|",,unsupported,,not_representable,(G1)y denotes y occurrences of the G1 substituent whose attachment positions on the ring are unspecified. The current pseudo-SMILES notation cannot encode this combination of multiplicity and position variation.
65,US20170334882A1_304_c.png,"*C.*C.*C1=C(*)C(*)=C([H])C(N(C)C(=O)C2=CC=CC(S(=O)(=O)NC3CCCC3)=C2)=C1.CCO |$G2;;G4;;G1;;;X;;X;;;;;;;;;;;;;;;;;;;;;;;;;;$,,,Sg:n:30:w:ht:::,Sg:n:34: :ht:::,m:33:26.27.28.29.30,m:1:17.31.18.21.20.19,m:3:26.27.28.29.30|",,unsupported,,not_representable,The hydroxyl-containing group is a complex multi-atom substituent with an unspecified attachment position and a variable-length segment. The current pseudo-SMILES notation cannot encode position variation for such an explicitly defined complex substituent.
66,US20200050122A1_18_c1.png,"*C1=C(*)C(*)=C(/C=C/C2=C(*)C(*)=C(*)C(*)=C2*)C(*)=C1* |$R1;;;R3;;R5;;;;;;R10;;R8;;R2;;R7;;R9;;R6;;R4$,|",[R1]C1=C([R3])C([R5])=C(/C=C/C2=C([R10])C([R8])=C([R2])C([R7])=C2[R9])C([R6])=C1[R4],success,[R1]C1=C([R3])C([R5])=C(/C=C/C2=C([R10])C([R8])=C([R2])C([R7])=C2[R9])C([R6])=C1[R4],confirmed,"Checked against the source image; labels, connectivity, and double-bond geometry agree."
67,US20200352840A1_29_c1.png,"*NC(CNC(=N)N)C(*)=O |$R1;;;;;;;;;R2;$,Sg:n:3:n:ht:::,|",[R1]NC([(CH2)n]NC(=N)N)C([R2])=O,success,[R1]NC([(CH2)n]NC(=N)N)C([R2])=O,confirmed,"Checked against the source image; labels, connectivity, and the single-carbon repeat unit agree."
68,US20210102027A1_13_c1.png,"*/N=C(/*)N(*)* |$R2;;;R1;;R4;R3$,|",[R2]/N=C(/[R1])N([R4])[R3],success,[R2]/N=C(/[R1])N([R4])[R3],confirmed,"Checked against the source image; labels, connectivity, and double-bond geometry agree."
69,US20210283300A9_9_c.png,"C=C(C)C(=O)OC(=O)CC(=O)OC(=O)C(=C)C |Sg:n:8:n:ht:::,|",C=C(C)C(=O)OC(=O)[(CH2)n]C(=O)OC(=O)C(=C)C,success,C=C(C)C(=O)OC(=O)[(CH2)n]C(=O)OC(=O)C(=C)C,confirmed,"Checked against the source image; labels, connectivity, and repeat units agree."
70,US20220115602A1_51_c.png,"*C1=C(*)[N+](*)=C(*)N1* |$R4;;;R5;;R2;;R3;;R1$,|",[R4]C1=C([R5])[N+]([R2])=C([R3])N1[R1],success,[R4]C1=C([R5])[N+]([R2])=C([R3])N1[R1],confirmed,"Checked against the source image; labels, connectivity, and repeat units agree."
71,US20220183287A1_13_c1.png,"*OC(=O)C1=C(*)C(*)=C(*)C(*)=C1* |$R1;;;;;;R2;;R2;;R2;;R2;;R2$,|",[R1]OC(=O)C1=C([R2])C([R2])=C([R2])C([R2])=C1[R2],success,[R1]OC(=O)C1=C([R2])C([R2])=C([R2])C([R2])=C1[R2],confirmed,"Checked against the source image; labels, connectivity, and repeat units agree."
72,US20220227955A1_18_c1.png,"*/N=C(\N*)NN |$R2;;;;R1;;$,|",[R2]/N=C(\N[R1])NN,success,[R2]/N=C(\N[R1])NN,confirmed,"Checked against the source image; labels, connectivity, and repeat units agree."
73,US20220271335A1_26_c.png,"*P(*)(*)=O |$R10;;R11;R12;$,|",[R10]P([R11])([R12])=O,success,[R10]P([R11])([R12])=O,confirmed,"Checked against the source image; labels, connectivity, and repeat units agree."
74,US20220271335A1_26_c_2.png,"*N=P(*)(*)* |$X;;;R1;R2;R3$,|",[X]N=P([R1])([R2])[R3],success,[X]N=P([R1])([R2])[R3],confirmed,"Checked against the source image; labels, connectivity, and repeat units agree."
75,US20220288063A1_24_c.png,"*NC1=NC(C2=CC(C(=O)N3CCN(CC4=CC=C(Cl)C=C4)CC3)=C(Cl)C=N2)=CS1 |$R;;;;;;;;;;;;;;;;;;;;;;;;;;;;;$,|",[R]NC1=NC(C2=CC(C(=O)N3CCN(CC4=CC=C(Cl)C=C4)CC3)=C(Cl)C=N2)=CS1,success,[R]NC1=NC(C2=CC(C(=O)N3CCN(CC4=CC=C(Cl)C=C4)CC3)=C(Cl)C=N2)=CS1,confirmed,"Checked against the source image; labels, connectivity, and repeat units agree."
76,US20220332736A1_5_c.png,"*C1=CC(*)=C(OP2OC3=C(*)C=C(*)C=C3C3=C(O2)C(*)=CC(*)=C3)C(C2=C(OP(OC3=CC=CC(C)=C3)OC3=CC(C)=CC=C3)C(*)=CC(*)=C2)=C1 |$R4;;;;R3;;;;;;;R1;;;R2;;;;;;;R1;;;R2;;;;;;;;;;;;;;;;;;;;;;;;R3;;;R4;;$,|",[R4]C1=CC([R3])=C(OP2OC3=C([R1])C=C([R2])C=C3C3=C(O2)C([R1])=CC([R2])=C3)C(C2=C(OP(OC3=CC=CC(C)=C3)OC3=CC(C)=CC=C3)C([R3])=CC([R4])=C2)=C1,success,[R4]C1=CC([R3])=C(OP2OC3=C([R1])C=C([R2])C=C3C3=C(O2)C([R1])=CC([R2])=C3)C(C2=C(OP(OC3=CC=CC(C)=C3)OC3=CC(C)=CC=C3)C([R3])=CC([R4])=C2)=C1,confirmed,"Checked against the source image; labels, connectivity, and repeat units agree."
77,US20230174533A1_64_c.png,"**N(*)C(=O)C(*)(*)N1C(*)=NC2=C1C(=O)N(*)C(=O)N2* |$Cy;Ar;;R5;;;;R3;R4;;;D;;;;;;;R1;;;;R2$,|",[Cy][Ar]N([R5])C(=O)C([R3])([R4])N1C([D])=NC2=C1C(=O)N([R1])C(=O)N2[R2],success,,not_representable,The structure [C([R3])([R4])]n represents a constitutional repeating unit with a –C(R3)(R4)– sequence and a repeat count of n. Such a substituent-bearing repeating unit is not supported by the current pseudo-SMILES notation.
78,US7776936B2_16_c.png,"*C(=C)C(=O)O*OC(=O)CC1CCSS1 |$R4;;;;;;R5;;;;;;;;;$,Sg:n:10:n:ht:::,|",[R4]C(=C)C(=O)O[R5]OC(=O)[(CH2)n]C1CCSS1,success,[R4]C(=C)C(=O)O[R5]OC(=O)[(CH2)n]C1CCSS1,confirmed,"Checked against the source image; labels, connectivity, and repeat units agree."
79,US7776936B2_16_c1.png,"*C(=C)C(=O)O*OC(=O)*P(=O)(O)O |$R1;;;;;;R2;;;;R3;;;;$,|",[R1]C(=C)C(=O)O[R2]OC(=O)[R3]P(=O)(O)O,success,[R1]C(=C)C(=O)O[R2]OC(=O)[R3]P(=O)(O)O,confirmed,"Checked against the source image; labels, connectivity, and repeat units agree."
80,US9056043B2_12.png,"*C(*)COCCCCOC |$OG;;Q;;;;;;;;$,,,Sg:n:9,8,7,6,5:n:ht:::,Sg:n:4,3,1,2:m:ht:::,|",,unsupported,,not_representable,"The structures [O(CH2)4]n and [OCH(Q)]m represent multi-atom constitutional repeating units with repeat counts n and m, respectively. Such multi-atom repeat units are not supported by the current pseudo-SMILES notation."
81,US9056043B2_35.png,"*C.*C(=C)C1=CC=CC=C1.CC |$R4;;R4;;;;;;;;;;$,m:11:9.10.7.6.5.8,m:1:9.10.7.6.5.8|",,unsupported,C=C([R4])C1=CC([R4$])=CC([CH3$])=C1,manually_added,A position-variable R4 substituent and a position-variable methyl substituent on the phenyl ring were added after manual verification.
82,US9066852B2_2.png,"*C(=C)C(=O)O*OC(=O)*P(=O)(O)O |$R1;;;;;;R2;;;;R3;;;;$,|",[R1]C(=C)C(=O)O[R2]OC(=O)[R3]P(=O)(O)O,success,[R1]C(=C)C(=O)O[R2]OC(=O)[R3]P(=O)(O)O,confirmed,"Checked against the source image; labels, connectivity, and repeat units agree."
83,US9156839B2_4.png,"*C.*C.*N(*)S(=O)(=O)C1=CC2=C(C=C1)NN=C2NC1=CC=CC=C1 |$R3;;R3;;R1;;R2;;;;;;;;;;;;;;;;;;;$,m:1:20,m:3:20.21.22.23.24.25|",,unsupported,[R1]N([R2])S(=O)(=O)C1=CC2=C(C=C1)NN=C2NC1=C([R3$])C=CC([R3$])=C1,manually_added,The two position-variable R3 substituents on the phenyl ring were added after manual verification; the remaining labels and connectivity agree with the source image.
84,US9237990B2_27_c.png,"*C(=C)C(=O)O**N1C(=O)N(*)C(=O)N(*)C1=O |$R2;;;;;;Z;R1;;;;;R4;;;;R3;;$,|",[R2]C(=C)C(=O)O[Z][R1]N1C(=O)N([R4])C(=O)N([R3])C1=O,success,[R2]C(=C)C(=O)O[Z][R1]N1C(=O)N([R4])C(=O)N([R3])C1=O,confirmed,"Checked against the source image; labels, connectivity, and repeat units agree."
85,US9237990B2_28_c.png,"*C(=C)C(=O)O**N1C(=O)N(**OC(=O)C(*)=C)C(=O)N(**OC(=O)C(*)=C)C1=O |$R2;;;;;;Z;R1;;;;;R5;X;;;;;R2;;;;;R6;Y;;;;;R2;;;$,|",[R2]C(=C)C(=O)O[Z][R1]N1C(=O)N([R5][X]OC(=O)C([R2])=C)C(=O)N([R6][Y]OC(=O)C([R2])=C)C1=O,success,[R2]C(=C)C(=O)O[Z][R1]N1C(=O)N([R5][X]OC(=O)C([R2])=C)C(=O)N([R6][Y]OC(=O)C([R2])=C)C1=O,confirmed,"Checked against the source image; labels, connectivity, and repeat units agree."
86,US9339510B2_229_c.png,"*C.*C.*S(=O)(=O)C1=CC(C(=O)NC2=CC=CC=C2)=CC=C1 |$R2;;R1;;Cy;;;;;;;;;;;;;;;;;;$,Sg:n:2:x:ht:::,m:1:9.10.8.22.20.21,m:3:18.19.17.14.15.16|",O=C(Nc1cccc([R1$])c1)c1cccc(S(=O)(=O)[Cy])c1[R2$],review_required,,not_representable,(R1)x denotes x occurrences of the R1 substituent whose attachment positions on the phenyl ring are unspecified. The current pseudo-SMILES notation cannot encode this combination of multiplicity and position variation.
87,US9682968B2_123.png,"*C1=CC=C(C2CC(*)(C)CCN2CC2=C(*)C=C(*)C3=C2C(*)=CN3)C=*1 |$R5;;;;;;;;R6;;;;;;;;R1;;;R2;;;;R3;;;;X$,|",[R5]C1=CC=C(C2CC([R6])(C)CCN2CC2=C([R1])C=C([R2])C3=C2C([R3])=CN3)C=[X]1,success,[R5]C1=CC=C(C2CC([R6])(C)CCN2CC2=C([R1])C=C([R2])C3=C2C([R3])=CN3)C=[X]1,confirmed,"Checked against the source image; labels, connectivity, and repeat units agree."
88,US10077240B2_3.png,"CC(=O)O.CN1N=C(C(=O)N(*C2=CC=CC=C2)CC2=CC=CC=C2)C2=C1C1=C*=*C=C1OC2 |$;;;;;;;;;;;L2;;;;;;;;;;;;;;;;;;Z3;Z2;;;;$,m:0:13.14.12.17.15.16|",,unsupported,CN1N=C(C(=O)N([L2]C2=CC([COOH$])=CC=C2)CC2=CC=CC=C2)C2=C1C1=C[Z3]=[Z2]C=C1OC2,manually_added,The position-variable carboxylic acid substituent was represented as [COOH$] after manual verification; the remaining labels and connectivity agree with the source image.
89,US10130564B2_22_c.png,"*C(=C)C(=O)O*OC(=O)N*NC(=O)O*OC(=O)C=C |$Rd;;;;;;Rc;;;;;Ra;;;;;Rb;;;;;$,|",[Rd]C(=C)C(=O)O[Rc]OC(=O)N[Ra]NC(=O)O[Rb]OC(=O)C=C,success,[Rd]C(=C)C(=O)O[Rc]OC(=O)N[Ra]NC(=O)O[Rb]OC(=O)C=C,confirmed,"Checked against the source image; labels, connectivity, and repeat units agree."
90,US10414768B2_14.png,"*C1=NC(N(*)*)=C(N(*)*)C(*)=N1 |$R5;;;;;R7;R6;;;R3;R2;;R4;$,|",[R5]C1=NC(N([R7])[R6])=C(N([R3])[R2])C([R4])=N1,success,[R5]C1=NC(N([R7])[R6])=C(N([R3])[R2])C([R4])=N1,confirmed,"Checked against the source image; labels, connectivity, and repeat units agree."
91,US10676429B2_13.png,"*C.*C.*C.*C.*N(*)S(=O)(=O)C1=CC=CC(C(=O)NC2=CC=CC=C2)=C1F |$R3;;R4;;R4;;R4;;R1;;R2;;;;;;;;;;;;;;;;;;;$,m:1:17.18.16.15.14.28,m:3:25.24.23.22.27.26,m:5:25.24.23.22.27.26,m:7:25.24.23.22.27.26|",O=C(Nc1ccc([R4$])c([R4$])c1[R4$])c1c([R3$])ccc(S(=O)(=O)N([R1])[R2])c1F,review_required,O=C(Nc1ccc([R4$])c([R4$])c1[R4$])c1c([R3$])ccc(S(=O)(=O)N([R1])[R2])c1F,confirmed,"Checked against the source image; labels, connectivity, and repeat units agree."
92,US10941113B2_7.png,"*C.*C1=CC(NC(=O)C2=CC(S(=O)(=O)N(*)*)=CC=C2)=CC=C1F |$R3;;R4;;;;;;;;;;;;;;R2;R1;;;;;;;$,m:1:9.20.19.18.10.11|",O=C(Nc1ccc(F)c([R4])c1)c1cc(S(=O)(=O)N([R2])[R1])ccc1[R3$],review_required,O=C(Nc1ccc(F)c([R4])c1)c1cc(S(=O)(=O)N([R2])[R1])ccc1[R3$],confirmed,"Checked against the source image; labels, connectivity, and repeat units agree."
93,US10961247B2_75_c.png,"*C(=O)N1CCCC(NC2=NC(NC3=CC=CC(*)=C3)=NC3=C2C=CN3)C1 |$R3;;;;;;;;;;;;;;;;;;R';;;;;;;;$,|",[R3]C(=O)N1CCCC(NC2=NC(NC3=CC=CC([R'])=C3)=NC3=C2C=CN3)C1,success,[R3]C(=O)N1CCCC(NC2=NC(NC3=CC=CC([R'])=C3)=NC3=C2C=CN3)C1,confirmed,"Checked against the source image; labels and connectivity agree. The piperidine–NH bond is an ordinary single bond in the source image, so no stereochemical descriptor was added."
94,US10961247B2_75_c_2.png,"*C1=*NC2=C1C(NC1CCCN(C(=O)C=C)C1)=NC(NC1=CC=C(*)C=C1)=N2 |$R5;;X1;;;;;;;;;;;;;;;;;;;;;;;R';;;$,|",[R5]C1=[X1]NC2=C1C(NC1CCCN(C(=O)C=C)C1)=NC(NC1=CC=C([R'])C=C1)=N2,success,[R5]C1=[X1]NC2=C1C(NC1CCCN(C(=O)C=C)C1)=NC(NC1=CC=C([R'])C=C1)=N2,confirmed,"Checked against the source image; labels, connectivity, and bond orders agree. The R5-bearing atom is sp2-hybridized and no stereochemical descriptor is applicable."
95,US11247998B2_71_c.png,"*C.*C(*)NC(=O)C1=C2CN(C(=O)NC3=CC=*C=C3)C(*)CN2C=C1 |$R4;;R9;;R8;;;;;;;;;;;;;;G;;;;R3;;;;$,Sg:n:0:s:ht:::,m:1:19.18.20.15.17.16|",O=C(NC([R9])[R8])c1ccn2c1CN(C(=O)Nc1cc[G]c([R4$])c1)C([R3])C2,review_required,,not_representable,(R4)s denotes s occurrences of the R4 substituent whose attachment positions on the six-membered ring containing G are unspecified. The current pseudo-SMILES notation cannot encode this combination of multiplicity and position variation.
96,US20200332046A1_33.png,"*C(=C)C(=O)O**C |$R4;;;;;;Z;R3;$,Sg:n:1,2,0,3,4,5:q:ht:::,|",,unsupported,,not_representable,The bracketed structure is a substituent-bearing multi-atom unit with a repeat count of q. Such a multi-atom repeating unit is not supported by the current pseudo-SMILES notation.
97,US20200332046A1_33_2.png,"*N(*C)C(=O)O*C |$R10;;R11;;;;;R9;$,|",[R10]N([R11]C)C(=O)O[R9]C,success,[R10]N([R11]C)C(=O)O[R9]C,confirmed,"Checked against the source image; labels, connectivity, and repeat units agree."
98,US20200332046A1_34.png,"C=C(C)C(=O)OCCNC(=O)OCC(C)OC(=O)NCCOC(=O)C(=C)C |Sg:n:11,12,13,14:n:ht:::,|",,unsupported,,not_representable,The structure [OCH2CH(CH3)]n represents a multi-atom constitutional repeating unit with a repeat count of n. Such a multi-atom repeat unit is not supported by the current pseudo-SMILES notation.
99,US20200332046A1_34_2.png,"C=C(C)C(=O)OCC(COC(=O)C(=C)C)OC(=O)CCCC(=O)OCC(C)OC(=O)CCCC(=O)OC(COC(=O)C(=C)C)COC(=O)C(=C)C |Sg:n:23,24,25,26:n:ht:::,|",,unsupported,,not_representable,The bracketed structure is a multi-atom constitutional repeating unit with a repeat count of n. Such a multi-atom repeat unit is not supported by the current pseudo-SMILES notation.
100,US20220227732A1_94_c.png,"*NC(=O)C1=C(OC2=CC=C(*)C=C2*)N=CC(C(F)(F)F)=C1 |$R2;;;;;;;;;;;R16;;;R18;;;;;;;;$,|",[R2]NC(=O)C1=C(OC2=CC=C([R16])C=C2[R18])N=CC(C(F)(F)F)=C1,success,[R2]NC(=O)C1=C(OC2=CC=C([R16])C=C2[R18])N=CC(C(F)(F)F)=C1,confirmed,"Checked against the source image; labels, connectivity, and repeat units agree."
101,US20220227732A1_c_2.png,"*OC1=C(C(=O)NC2=C[N+]([O-])=CC=C2)C=C(C(F)(F)F)C=N1 |$R1;;;;;;;;;;;;;;;;;;;;;$,|",[R1]OC1=C(C(=O)NC2=C[N+]([O-])=CC=C2)C=C(C(F)(F)F)C=N1,success,[R1]OC1=C(C(=O)NC2=C[N+]([O-])=CC=C2)C=C(C(F)(F)F)C=N1,confirmed,"Checked against the source image; labels, connectivity, and repeat units agree."
102,US20230117605A1_253.png,"*C.CC1=NC=NC2=C1C=CC=C2 |$R1a;;;;;;;;;;;;$,Sg:n:0:m:ht:::,m:1:10.9.11.8.7.12|",Cc1ncnc2ccc([R1a$])cc12,review_required,,not_representable,(R1a)m denotes m occurrences of the R1a substituent whose attachment positions on the benzene ring of the fused bicyclic heteroaromatic system are unspecified. The current pseudo-SMILES notation cannot encode this combination of multiplicity and position variation.
